Postal Code,City
100,Colombo 01
1000,Colombo 10
10100,Kotte
10100,Rajagiriya
10100,Sri Jayawardenapura
10115,Malabe
10116,Talawatugoda
10118,Hokandara
10120,Battaramulla
10150,Athurugiriya
10200,Homagama
10204,Habarakada
10206,Pitipana Homagama
10230,Kottawa
10230,Pannipitiya
10232,Hiripitya
10250,Kohuwala
10250,Nugegoda
10280,Maharagama
10290,Boralesgamuwa
10300,Piliyandala
10302,Deltara
10304,Siddamulla
10306,Madapatha
10320,Polgasowita
10350,Dehiwala
10370,Mount Lavinia
10390,Ratmalana
10400,Moratuwa
10500,Padukka
10502,Horagala
10504,Meegoda
10508,Kahawala
10511,Watareka
10513,Batawala
10522,Bope
10524,Handapangoda
10526,Batugampola
10600,Wellampitiya
10620,Angoda
10620,Mulleriyawa
10640,Kaduwela
10650,Hanwella
10654,Ranala
10656,Dedigamuwa
10660,Pugoda
10662,Kapugoda
10664,Tittapattara
10680,Waga
10682,Tummodara
10700,Avissawella
10712,Puwakpitiya
10714,Hewainna
10718,Kalatuwawa
10730,Kosgama
10732,Akarawita
1100,Colombo 11
11000,Gampaha
11010,Ragama
11011,Batuwatta
11012,Walpola (WP)
11020,Ganemulla
11024,Bollete
11030,Udugampola
11033,Madelgamuwa
11034,Uggalboda
11040,Bemmulla
11043,Pethiyagoda
11052,Ambagaspitiya
11054,Udathuthiripitiya
11056,Mudungoda
11061,Mandawala
11062,Lunugama
11068,Wanaluwewa
11100,Veyangoda
11102,Dewalapola
11104,Watinapaha
11108,Essella
11114,Mabodale
11116,Ellakkala
11120,Attanagalla
11122,Alawala
11126,Urapola
11129,Rukmale
11134,Bopagama
11142,Ruggahawila
11144,Kahatowita
11146,Walgammulla
11150,Pallewela
11160,Kaleliya
11200,Mirigama
11204,Loluwagoda
11208,Divuldeniya
11212,Ambepussa
11214,Pamunuwatta
11216,Bokalagama
11222,Nawala
11224,Kaluaggala
11226,Walpita
11228,Delwagura
11232,Kotadeniyawa
11234,Mellawagedara
11244,Banduragoda
11250,Divulapitiya
11260,Maradagahamula
11262,Hunumulla
11264,Dunagaha
11265,Ihala Madampella
11270,Demanhandiya
11300,Wattala
11320,Kandana
11324,Polpithimukulana
11328,Uswetakeiyawa
11350,Ja-Ela
11358,Makewita
11370,Pamunugama
11380,Ekala
11390,Kotugoda
11400,Raddolugama
11410,Seeduwa
11450,Katunayaka
11500,Negombo
11504,Talahena
11522,Kimbulapitiya
11524,Dagonna
11532,Thimbirigaskatuwa
11534,Katana
11536,Akaragama
11538,Badalgama
11540,Kochchikade
11550,Minuwangoda
11558,Andiambalama
11564,Horampella
11566,Yatiyana(WP)
11568,Hinatiyana
11600,Kelaniya
11600,Kiribathgoda
11607,Siyambalape
11618,Heiyanthuduwa
11630,GonawalaWP
11640,Makola
11650,Biyagama
11670,Malwana
11672,Biyagama IPZ
11680,Dompe
11690,Dekatana
11692,Demalagama
11700,Delgoda
11710,Weliveriya
11715,Henegama
11720,Buthpitiya
11724,Wathurugama
11725,Radawana
11730,Kirindiwela
11734,Hiswella
11741,Pepiliyawala
11830,Peliyagoda
11850,Kadawatha
11856,Imbulgoda
11858,Weboda
11870,Yakkala
11875,Kalagedihena
11880,Nittambuwa
11889,Debahera
11890,Pasyala
11892,Radawadunna
11894,Weweldeniya
11896,Danowita
1200,Colombo 12
12000,Kalutara
12005,Galpatha
12006,Yatawara Junction
12008,Bolossagama
12009,Remunagoda
12016,Gamagoda
12020,Dodangoda
12024,Bombuwala
12025,Tebuwana
12030,Neboda
12050,Paiyagala
12055,Halkandawila
12060,Maggona
12070,Beruwala
12074,Padagoda
12078,Kalawila Kiranthidiya
12080,Alutgama
12090,Dharga Town
12094,Meegama
12100,Matugama
12104,Yatadolawatta
12108,Welipenna
12112,Walagedara
12114,Pannila
12116,Ittapana
12118,Halwala
12122,Paraigama
12124,Yagirala
12126,Mahakalupahana
12127,Utumgama
12130,Meegahatenna
12134,Walallawita
12136,Polgampola
12138,Pelawatta
12142,Boralugoda
12144,Pahalahewessa
12148,DanawalaThiniyawala
12200,Agalawatta
12204,Veyangalla
12210,Mahagama
12214,Pelanda
12224,Bellana
12230,Baduraliya
12234,Hedigalla Colony
12236,Gurulubadda
12300,Bulathsinhala
12302,Paragoda
12304,Delmella
12306,Halwatura
12308,Diwalakada
12310,Govinna
12320,Anguruwatota
12322,Uduwara
12400,Horana
12404,Pokunuwita
12410,Gonapola
12412,Millaniya
12414,Paragastota
12416,Dombagoda
12418,Kananwila
12422,Millewa
12428,Kandanagama
12432,Poruwedanda
12440,Ingiriya
12440,lngiriya
12500,Panadura
12524,Alubomulla
12530,Bandaragama
12538,Haltota
12560,Wadduwa
12564,Morontuduwa
12580,Waskaduwa
1300,Colombo 13
1400,Colombo 14
1500,Colombo 15
200,Colombo 02
20000,Kandy
20032,Halloluwa
20034,Yatihalagala
20042,lhala Kobbekaduwa
20044,Sangarajapura
20052,Uduwa
20060,Hataraliyadda
20062,Aludeniya
20068,Dedunupitiya
20080,Werellagama
20084,Pallekotuwa
20092,Harankahawa
20093,Bokkawala
20094,Udahingulwala
20095,Gallellagama
20100,Galagedara
20106,Poholiyadda
20112,Pujapitiya
20120,MedawalaHarispattuwa
20126,Dolapihilla
20128,Rambukwella
20132,Batugoda
20136,Ambatenna
20140,Alawatugoda
20150,Ankumbura
20152,Galhinna
20154,Batagolladeniya
20160,Ampitiya
20164,Uduwela
20166,Tennekumbura
20168,Kundasale
20168,Pallekele
20170,Menikhinna
20172,Lunuketiya Maditta
20176,Naranpanawa
20180,Rajawella
20184,Gomagoda
20186,Kengalla
20189,Gurudeniya
20196,Pilawala
20200,Talatuoya
20202,Etulgama
20206,Kapuliyadde
20210,Marassana
20214,Godamunna
20216,Mahamedagama
20218,Bawlana
20234,Yahalatenna
20250,Polgolla
20260,Madawala Bazaar
20270,Gunnepana
20300,Kadugannawa
20308,Balana
20400,Peradeniya
20404,Uda Peradeniya
20409,Megoda Kalugamuwa
20414,Hindagala
20420,Galaha
20430,Deltota
20438,Handawalapitiya
20438,Nawalapitiya
20440,Hewaheta
20450,Pilimatalawa
20454,Wattappola
20465,Danture
20470,Menikdiwela
20480,Handessa
20482,Leemagahakotuwa
20500,Gampola
20506,Udahentenna
20510,Dolosbage
20511,Pattitalawa
20512,Meetalawa
20524,Hondiyadeniya
20532,Doluwa
20544,Panwilatenna
20546,Pupuressa
20562,Ulapane
20564,Mawatura
20566,Maswela
20567,Doragala
20574,Atabage
20578,Paradeka
20580,Pussellawa
20590,Ramboda
20592,Labukele
20610,Weligalla
20620,Gelioya
20640,Velamboda
20644,Bambaragahaela
20654,Pasbage
20656,Gonawalapatana
20658,Dekinda
20662,Mapakanda
20664,Galaboda
20668,Hapugastalawa
20669,Harangalagama
20676,Rambukpitiya
20678,Ambagamuwa
20680,Ginigathena
20682,Pitawala
20684,Dagampitiya
20686,Ambatalawa
20702,Mailapitiya
20708,Unuwinna
20710,Hanguranketha
20712,Gonagantenna
20714,Marymount Colony
20722,Udawatta
20724,lllagolla
20730,Rikillagaskada
20732,Ekiriya
20734,Pallebowala
20738,Karandagolla
20742,Elamulla
20744,Mandaram Nuwara
20748,Maturata
20750,Padiyapelella
20800,Katugastota
20802,Udatalawinna
20810,Wattegama
20816,Doragamuwa
20818,Rathukohodigala
20822,Jambugahapitiya
20824,Dunuwila
20828,Makkanigama
20830,Panvila
20838,Tawalantenna
20840,Madulkele
20850,Akurana
20900,Teldeniya
20904,Senarathwela
20906,Putuhapuwa
20916,Udispattuwa
20921,Makuldeniya
20922,Rangala
20924,Kahataliyadda
20926,Kalugala
20932,Bopana
20934,Uduwahinna
20938,Madugalla
20940,Medamahanuwara
20945,Mahadoraliyadda
20948,Hunnasgiriya
20950,Ududumbara
20960,Hasalaka
20965,Ulpothagama
20966,Batumulla
20967,Barawardhana Oya
20982,Weragantota
20984,Handaganawa
20986,Ambagahapelessa
20990,Rantembe
21000,Matale
21004,Alwatta
21006,Udatenna
21008,Leliambe
21012,Elkaduwa
21014,Karagahinna
21020,Ovilikanda
21032,Dankanda
21046,Dunkolawatta
21048,Walawela
21051,Udasgiriya
21054,Dullewa
21055,Melipitiya
21056,Yatawatta
21058,Selagama
21062,Metihakka
21064,Imbulgolla
21066,Kaikawala
21068,Gammaduwa
21070,Palapathwela
21074,Madawala
21076,Opalgala
21090,Naula
21094,Lenadora
21100,Dambulla
21106,Kandalama
21108,Erawula Junction
21112,Kalundawa
21116,Talakiriyagama
21120,Sigiriya
21124,Inamaluwa
21140,Mahawela
21142,Akuramboda
21144,Mananwatta
21152,Pallepola
21156,Madipola
21160,Wahacotte
21200,Galewela
21206,Dewahuwa
21212,Bambaragaswewa
21214,Beligamuwa
21300,Ukuwela
21400,Rattota
21402,Etanawala
21404,Gangala
21406,lllukkumbura
21502,Pubbiliya
21504,Ambana
21506,Talagoda Junction
21512,Ataragallewa
21514,Hattota Amuna
21520,Laggala Pallegama
21524,Ranamuregama
21530,Wilgamuwa
21532,Perakanatta
21536,Handungamuwa
21538,Dunuwilapitiya
21552,Devagiriya
21554,Maraka
22000,Hatton
22002,Dunukedeniya
22008,Rozella
22010,Watawala
22012,Patana
22021,Maldeniya
22024,Hedunuwewa
22034,Laxapana
22044,Hangarapitiya
22046,Hitigegama
22050,Dikoya
22060,Bogawantalawa
22070,Maskeliya
22080,Kotagala
22090,Lindula
22094,Agarapathana
22095,Bopattalawa
22096,Dayagama Bazaar
22100,Talawakele
22110,Watagoda
22120,Pundaluoya
22200,Nuwara Eliya
22202,Santhipura
22208,Haggala
22212,Ruwaneliya
22216,Ambewela
22220,Kandapola
22226,Gonakele
22240,Halgranoya
22245,Rupaha
22250,Udapussallawa
22256,Madulla
22262,Harasbedda
22270,Walapane
22280,Nildandahinna
22282,Kalaganwatta
22285,Udamadura
22287,Teripeha
300,Colombo 03
30000,Batticaloa
30016,Kannankudah
30022,Pillaiyaradi
30024,Thannamunai
30100,Kattankudy
30150,Araipattai
30158,Puthukudiyiruppu
30160,Kokkaddichcholai
30162,Ampilanthurai
30194,Cheddipalayam
30196,Thettativu
30200,Kaluwanchikudi
30204,Vellavely
30206,Bakiella
30220,Mandur
30230,Periyaporativu
30234,Thirupalugamam
30236,Thikkodai
30250,Kallar
30254,Thuraineelavanai
30300,Eravur
30350,Chenkaladi
30352,Pankudavely
30354,Karadiyanaru
30358,Periyapullumalai
30362,Ayithiyamalai
30364,Unnichchai
30372,Kaluwankemy
30376,Vantharumoolai
30400,Valaichenai
30410,Kalkudah
30420,Oddamavadi
30424,Vakaneri
30428,Punanai
30442,Mankemi
30444,Panichankemi
30450,Vakarai
31000,Trincomalee
31006,Sampaltivu
31016,Tiriyayi
31026,Gomarankadawala
31028,Buckmigama
31032,Kanniya
31034,Pankulam
31036,Mahadivulwewa
31038,Rottawewa
31046,Tampalakamam
31050,Chinabay
31053,Vellamanal
31100,Kinniya
31106,Maharugiramam
31200,Mutur
31212,Kaddaiparichchan
31216,Sampur
31222,Somapura
31224,Mallikativu
31226,Dehiwatte
31232,Serunuwara
31234,Lankapatuna
31236,Echchilampattai
31238,Mawadichenai
31250,Toppur
31260,Seruwila
31300,Kantale
31304,Agbopura
31306,KantalaiSugarFactory
31308,Wanela
31312,Mullipothana
31314,Sirajnagar
31318,Galmetiyawa
32000,Ampara
32006,Deegawapiya
32008,Digamadulla
32010,Hingurana
32014,Damana
32016,Madawalalanda
32018,Mahanagapura
32022,Pannalagama
32024,Bakmitiyawa
32031,Paragahakele
32032,Polwaga Janapadaya
32034,Pahalalanda
32038,Devalahinda
32039,Wadinagala
32046,Dadayamtalawa
32048,Siyambalawewa
32050,Central Camp
32060,Uhana
32064,Gonagolla
32066,Galapitagala
32068,Rajagalatenna
32069,Mangalagama
32070,Mahaoya
32072,Tempitiya
32100,Padiyatalawa
32101,Serankada
32104,Dorakumbura
32120,Nawa Medagama
32126,Damanewela
32150,Dehiattakandiya
32155,Siripura
32158,Mawanagama
32198,Malwatta
32200,Samanthurai
32280,Sainthamaruthu
32300,Kalmunai
32300,Sainthamaruthu
32314,Marathamune
32316,Periyaneelavanai
32340,Nintavur
32350,Addalaichenai
32354,Palamunai
32360,Oluvil
32400,Akkaraipattu
32405,Kannakipuram
32415,Thambiluvil
32420,Thirukkovil
32420,Tirukovil
32450,lmkkamam
32454,Wanagamuwa
32500,Pottuvil
32508,Panama
32512,Labunoruwa
32514,Hulannuge
400,Colombo 04
40000,Jaffna
40250,Kirana Hill
41000,Mannar
42000,Mullativu
43000,Vavuniya
44000,Kilinochchi
500,Colombo 05
50000,Anuradhapura
50004,Perimiyankulama
50006,Galkadawala
50008,Saliyapura
50012,Viharapalugama
50014,Elayapattuwa
50016,Tantirimale
50020,Pemaduwa
50022,Mahawilachchiya
50029,Pandulagama
50036,Gnanikulama
50042,Sravasthipura
50044,Hidogama
50046,Nachchaduwa
50055,Parasangahawewa
50057,Gambirigaswewa
50062,Kurundankulama
50064,Galkulama
50067,Uttimaduwa
50068,Sivalakulama
50072,Tirappane
50080,Maradankadawala
50086,Walagambahuwa
50100,Kekirawa
50104,Tammennawa
50110,Vijithapura
50111,Palagala
50112,Andiyagala
50120,Galkiriyagama
50122,Pubbogama
50124,Halmillawa
50126,Maha Elagamuwa
50130,Madatugama
50142,Ganewalpola
50144,Palugaswewa
50150,Habarana
50169,Awukana
50170,Galnewa
50174,Kalankuttiya
50176,Hurigaswewa
50182,Maneruwa
50184,Siyambalewa
50196,Mahabulankulama
50200,Nochchiyagama
50206,Pahala Halmillewa
50207,Udunuwara Colony
50210,Galadivulwewa
50212,Ranorawa
50214,Dunumadalawa
50220,Pahala Maragahawe
50222,Horiwila
50224,Gemunupura
50226,Kalaoya
50230,Talawa
50232,Karagahawewa
50236,Malwanagama
50240,Tambuttegama
50242,Telhiriyawa
50244,Pahalagama
50246,Rajanganaya
50259,Kiralogama
50260,Eppawala
50262,lhala Halmillewa
50270,Mahailluppallama
50280,lpologama
50282,Kagama
50284,Senapura
50288,Kalakarambewa
50300,Mihintale
50304,lhalagama
50306,Mahakanadarawa
50308,Maradankalla
50320,Kahatagasdigiliya
50326,Parakumpura
50327,Mahapothana
50334,Megodawewa
50338,Padikaramaduwa
50344,Muriyakadawala
50350,Horawpatana
50354,Parangiyawadiya
50356,Dematawewa
50370,Kapugallawa
50380,Seeppukulama
50382,Upuldeniya
50384,Mailagaswewa
50386,Rampathwila
50390,Galenbindunuwewa
50392,Getalawa
50393,Dutuwewa
50394,Hurulunikawewa
50448,Pandukabayapura
50450,Rambewa
50454,Kallanchiya
50492,Wahamalgollewa
50500,Medawachchiya
50506,Punewa
50512,Pihimbiyagolewa
50514,Rathmalgahawewa
50516,Walahaviddawewa
50518,Etaweeragollewa
50550,Kebithigollewa
50552,Halmillawetiya
50554,Gonahaddenawa
50556,Kalawedi Ulpotha
50558,Tittagonewa
50562,Kahatagollewa
50564,Wahalkada
50566,Bogahawewa
50567,Pulmoddai
50570,Padaviya
50572,Padavi Maithripura
50574,Mahasenpura
50582,Padavi Parakramapura
50584,Etawatunuwewa
50586,Welioya Project
50587,Padavi Sripura
50588,Padavi Sritissapura
51000,Polonnaruwa
51002,Kalingaela
51004,Onegama
51006,Lakshauyana
51008,Unagalavehera
51014,Alutwewa
51016,Parakramasamudraya
51024,Jayanthipura
51026,Giritale
51031,Dimbulagala
51033,Pelatiyawa
51034,Ellewewa
51037,Kalukele Badanagala
51044,Talpotha
51046,Palugasdamana
51049,Tambala
51050,Pulastigama
51052,Sungavila
51062,Sevanapitiya
51070,Welikanda
51072,Aselapura
51076,Mahawela Sinhapura
51089,Tamankaduwa
51090,Manampitiya
51092,Dalukana
51094,Dewagala
51098,Hansayapalama
51100,Aralaganwila
51102,Pimburattewa
51104,Divuldamana
51106,Damminna
51108,Maduruoya
51225,Diyabeduma
51235,Attanakadawala
51246,Jayasiripura
51250,Bakamuna
51258,Elahera
51375,Galoya Junction
51378,Sinhagama
51400,Hingurakgoda
51408,Hingurakdamana
51410,Minneriya
51416,Galamuna
51422,Yodaela
51424,Yudaganawa
51428,Divulankadawala
51500,Medirigiriya
51504,Diyasenpura
51506,Mahatalakolawewa
51508,Meegaswewa
51518,MahaAmbagaswewa
600,Colombo 06
60000,Kurunegala
60013,Doratiyawa
60016,Indulgodakanda
60024,Demataluwa
60025,Ithanawatta
60027,Boyagane
60034,Hindagolla
60036,Ambakote
60040,Ridigama
60044,Delwite
60045,Iriyagolla
60047,Alawatuwala
60052,Panagamuwa
60053,Pihimbuwa
60054,Kanadeniyawala
60058,Pilessa
60060,Mawathagama
60062,Kahapathwala
60064,Inguruwatta
60066,Meetanwala
60072,Puswelitenna
60074,Anhandiya
60076,Buluwala
60094,Uhumiya
60096,Kalugamuwa
60100,Narammala
60106,Karagahagedara
60107,Bogamulla
60108,Lonahettiya
60112,Pahamune
60121,Metiyagane
60130,Dambadeniya
60135,Ihala Katugampala
60140,Giriulla
60155,Bopitiya
60156,Elibichchiya
60160,Pannala
60162,Labbala
60170,Gonawila
60174,Daraluwa
60176,Sandalankawa
60181,Horambawa
60182,Alahitiyawa
60183,Kekunagolla
60188,Kithalawa
60198,Walakumburumulla
60200,Kuliyapitiya
60202,Yakwila
60204,Wadumunnegedara
60208,Thalahitimulla
60209,Madakumburumulla
60211,Ihala Gomugomuwa
60214,Anukkane
60218,Munamaldeniya
60221,Magulagama
60227,Tharana Udawela
60228,Deegalla
60232,llukhena
60236,Padiwela
60238,lhala Kadigamuwa
60250,Udubaddawa
60260,Dummalasuriya
60262,Watuwatta
60266,Etungahakotuwa
60280,Alawwa
60286,Maharachchimulla
60291,Bujjomuwa
60300,Polgahawela
60300,Weuda
60304,Metikumbura
60306,Talawattegedara
60308,Aragoda
60312,Panaliya
60314,Yatigaloluwa
60318,Wadakada
60330,Pothuhera
60344,Maspotha
60347,Bamunukotuwa
60348,Panadaragama
60350,Katupotha
60400,Wariyapola
60404,Malagane
60410,Kobeigane
60414,Hengamuwa
60416,Alahengama
60422,Kanattewewa
60424,Bandara Koswatta
60426,Tuttiripitigama
60430,Hettipola
60434,Mandapola
60436,Sunandapura
60437,Boraluwewa
60439,Pihimbiya Ratmale
60441,Halmillawewa
60450,Bingiriya
60453,Tisogama
60454,Weerapokuna
60458,Hiruwalpola
60461,Padeniya
60462,Awulegama
60465,Wannigama
60470,Nikaweratiya
60472,Divullegoda
60474,Hulogedara
60476,Thimbiriyawa
60477,Hulugalla
60478,Sirisetagama
60479,Mahagirilla
60484,Meewellawa
60485,Digannewa
60486,Hilogama
60490,Wannirasnayakapura
60492,Kadigawa
60495,Monnekulama
60499,Torayaya
60500,lbbagamuwa
60508,Kumbukgeta
60512,Maeliya
60514,Makulpotha
60516,Mahamukalanyaya
60518,Periyakadneluwa
60522,Gokaralla
60530,Dodangaslanda
60532,Maduragoda
60540,Melsiripura
60544,Diddeniya
60546,Hiriyala Lenawa
60552,Madahapola
60554,Pansiyagama
60558,Panliyadda
60570,Wellawa
60572,Thalwita
60578,Makulwewa
60580,Nikadalupotha
60582,Hunupola
60584,Thambagalla
60600,Maho
60602,Karambe
60604,Balalla
60606,Ridibendiella
60612,Medivawa
60620,Polpitigama
60622,Ulpotha Pallekele
60624,Thalakolawewa
60646,Siyambalangamuwa
60650,Ambanpola
60700,Galgamuwa
60704,Palukadawala
60706,Ataragalla
60712,Gallewa
60714,Makulewa
60716,Ehetuwewa
60718,Embogama
60721,Wannikudawewa
60722,Wannilhalagama
60724,Mahananneriya
60731,Mahagalkadawala
60734,Tambutta
60735,Pahalagiribawa
60736,Saliya Asokapura
60737,Solepura
60738,Solewewa
60739,Warawewa
60750,Meegalawa
60752,Girathalana
61000,Chilaw
61004,Udappuwa
61012,Adippala
61018,Ilippadeniya
61024,Ambakandawila
61042,Serukele
61110,Waikkal
61130,Dankotuwa
61136,Bujjampola
61138,Lihiriyagama
61144,Yogiyana
61150,Lunuwila
61154,Ihala Kottaramulla
61162,Pothuwatawana
61170,Wennappuwa
61170,Wennapuwa
61180,katuneriya
61190,Nattandiya
61192,Dunkannawa
61198,Watugahamulla
61210,Marawila
61220,Mahawewa
61224,Toduwawa
61230,Madampe
61233,Galmuruwa
61234,Panirendawa
61236,Kakkapalliya
61238,Bangadeniya
61242,Rajakadaluwa
61246,Battuluoya
61262,Baranankattuwa
61264,Angunawila
61266,Mangalaeliya
61270,Madurankuliya
61272,Mahakumbukkadawala
61280,Palaviya
61300,Puttalam
61302,Ismailpuram
61306,Vanathawilluwa
61308,Eluwankulama
61312,Sirambiadiya
61316,Ihala Puliyankulama
61322,Tabbowa
61324,Saliyawewa Junction
61326,PuttalamCementFactory
61328,Attawilluwa
61341,Mampuri
61342,Norachcholai
61343,Ettale
61344,Talawila Church
61354,Palliwasalturai
61358,Kandakuliya
61360,Kalpitiya
61500,Anamaduwa
61502,Uridyawa
61504,Siyambalagashene
61508,Andigama
61512,Mahauswewa
61514,Inginimitiya
61520,Nawagattegama
61534,Kalladiya
700,Colombo 07
70000,Ratnapura
70001,Malwala Junction
70002,Gillimale
70004,Sri Palabaddala
70012,Hidellana
70016,Kahangama
70017,Dodampe
70019,Dambuluwana
70021,Medagalatur
70024,Ayagama
70026,Gawaragiriya
70032,Elapatha
70034,Udaniriella
70036,Ratna Hangamuwa
70041,Marapana
70042,Dela
70044,Udakarawita
70045,Pebotuwa
70046,Delwala
70056,Lellopitiya
70062,Gallella
70070,Pelmadulla
70080,Opanayaka
70082,Akarella
70100,Balangoda
70101,Talakolahinna
70105,Hatangala
70106,Handagiriya
70108,Hatarabage
70112,Mahawalatenna
70116,Rajawaka
70118,Tanjantenna
70122,Kaltota
70127,Meddekanda
70130,Pinnawala
70131,Bolthumbe
70133,Pambagolla
70134,lmbulpe
70135,Rassagala
70136,Gurubewilagama
70138,Waleboda
70140,Belihuloya
70142,Samanalawewa
70144,Ihalagama
70145,Halpe
70150,Kahawatta
70152,Panapitiya
70154,Udaha Hawupe
70156,Gabbela
70158,Madalagama
70160,Godakawela
70162,Ranwala
70164,Hapugastenna
70170,Pallebedda
70171,Halwinna
70180,Kolambageara
70190,Udawalawe
70195,Gangeyaya
70200,Embilipitiya
70205,Tunkama
70215,Omalpe
70218,Panamura
70230,Padalangala
70250,Sewanagala
70254,Ekamutugama
70256,Mahagama Colony
70294,Atakalanpanna
70296,Hiramadagama
70298,Makandura Sabara
70300,Rakwana
70332,Demuwatha
70338,Pothupitiya
70342,Ittakanda
70344,Bomluwageaina
70345,Ullinduwawa
70346,Bulutota
70348,Vijeriya
70400,Nivithigala
70404,Doloswalakanda
70408,Watapotha
70450,Kalawana
70455,Daugala
70456,Waturawa
70459,Veddagala
70461,Panapola
70472,Pimbura
70480,Kiriella
70482,Matuwagalagama
70492,Ellagawa
70495,Dumbara Manana
70500,Kuruwita
70502,Sudagala
70504,Batatota
70506,Eratna
70512,Teppanawa
70550,Parakaduwa
70552,Ellaulla
70556,Godagampola
70600,Eheliyagoda
70602,Erepola
70606,Ellawala
70612,Panawala
70620,Getahetta
71000,Kegalle
71009,Deldeniya
71014,Hiriwadunna
71022,Deewala Pallegama
71029,Yattogoda
71034,Damunupola
71035,Watura
71037,Debathgama
71039,Pothukoladeniya
71041,Aruggammana
71044,Beligala(Sab)
71046,Helamada
71050,Dewalegama
71055,Imbulgasdeniya
71060,Nelundeniya
71062,Tuntota
71063,Mahapallegama
71100,Rambukkana
71105,Parape
71106,Thotawella
71108,Hewadiwela
71113,Udagaldeniya
71115,Dombemada
71116,Yatagama
71130,Pattampitiya
71200,Undugoda
71202,Kabagamuwa
71204,Alawatura
71208,Bossella
71210,Hettimulla
71211,Maharangalla
71222,Gantuna
71230,Bulathkohupitiya
71232,Ampagala
71236,Udapotha
71237,Dedugala
71300,Ruwanwella
71303,Wahakula
71304,Waharaka
71312,Galpatha(Sab)
71313,Imbulana
71315,Lewangama
71318,Gonagala
71320,Amitirigala
71321,Batuwita
71325,Malmaduwa
71326,Yatapana
71350,Galigamuwa
71352,Hakahinna
71360,Pitagaldeniya
71363,Atale
71370,Kotiyakumbura
71372,Kannattota
71400,Dehiowita
71401,Deloluwa
71403,Anhettigama
71411,Maliboda
71417,Hinguralakanda
71418,Boralankada
71430,Deraniyagala
71500,Mawanella
71503,Ambulugala
71505,Galatara
71507,Makehelwala
71508,Alutnuwara
71510,Ussapitiya
71520,Hingula
71521,Udumulla
71527,Dewanagala
71530,Hemmatagama
71540,Aranayaka
71541,Talgaspitiya
71546,Ambalakanda
71600,Warakapola
71601,Dorawaka
71603,Galapitamada
71605,Dunumala
71607,Algama
71610,Tulhiriya
71619,Tholangamuwa
71700,Yatiyantota
71702,Weeoya
71704,Malalpola
71706,Berannawa
71708,Seaforth Colony
71715,Hakbellawaka
71720,Kitulgala
71722,Mahabage
71724,Teligama
800,Colombo 08
80000,Galle
80042,Wakwella
80044,Anangoda
80046,Walahanduwa
80048,Ankokkawala
80054,Gonamulla
80056,Hiyare
80058,Talagampola
80064,Nakiyadeniya
80070,Udugama
80075,Panangala
80080,Hiniduma
80082,Neluwa
80084,Warukandeniya
80086,Pannimulla anagoda
80090,Akmeemana
80092,Meda-Keembiya
80100,Wanduramba
80107,Yatalamatta
80108,Udalamatta
80112,Mapalagama
80114,ParanaThanaYamgoda
80120,Wanchawela
80122,Angulugaha
80130,Imaduwa
80130,lmaduwa
80132,Hawpe
80134,Ihala Walpola
80136,Kananke Bazaar
80142,Opatha
80143,Banagala
80144,Malgalla Talangalla
80146,Halvitigala
80148,Tawalama
80150,Yakkalamulla
80151,Karagoda
80152,Magedara
80166,Mapalagama Central
80168,Uluvitike
80170,Poddala
80200,Baddegama
80204,Ampegama
80212,Agaliya
80214,Unenwitiya
80220,Ginimellagaha
80230,Gonapinuwala
80240,Hikkaduwa
80244,Tiranagama
80250,Dodanduwa
80260,Ratgama
80270,Boossa
80280,Gintota
80300,Ambalangoda
80302,Godahena
80312,Kahawa
80320,Batapola
80330,Meetiyagoda
80332,Aluthwala
80340,Watugedara
80350,Uragasmanhandiya
80352,Uragaha
80354,Rantotuwila
80360,Karandeniya
80400,Elpitiya
80402,Ella Tanabaddegama
80406,Talgaspe
80408,Porawagama
80420,Pitigala
80422,Amugoda
80424,Mattaka
80432,lhalahewessa
80440,Ganegoda
80458,Ethkandura
80460,Kahaduwa
80470,Talgaswela
80500,Bentota
80502,Gonagalpura
80506,Haburugala
80510,Induruwa
80510,lnduruwa
80550,Balapitiya
80562,Ahungalla
80570,Kosgoda
80600,Unawatuna
80615,Talpe
80630,Habaraduwa
80650,Ahangama
80654,Dikkumbura
81000,Matara
81030,Ratmale
81032,Aparekka
81034,Yatiyana
81038,Diyagaha
81050,Palatuwa
81051,Sultanagoda
81060,Telijjawila
81064,Ransegoda
81070,Makandura
81071,Mulatiyana Junction
81072,Gomilamawarala
81074,Rotumba
81100,Kamburupitiya
81108,Horapawita
81110,Kamburupitiya
81160,Devinuwara (Devundara)
81170,Gandara
81180,Kottegoda
81200,Dikwella
81220,Walasgala
81230,Urugamuwa
81280,Thihagoda
81290,Puhulwella
81294,Walakanda
81300,Hakmana
81312,Miella
81314,Denagama
81316,Radawela
81320,Deiyandara
81322,Parapamulla
81326,Handugala
81400,Akuressa
81402,Athuraliya
81408,Godapitiya
81412,Bopagoda
81414,Urumutta
81416,Maramba
81422,Diyalape
81424,Maliduwa
81450,Pitabeddara
81452,Deegala Llenama
81454,Derangala
81462,Siyambalagoda
81470,Morawaka
81472,Pahala Millawa
81474,Paragala
81475,Alapaladeniya
81477,Dellawa
81478,Kalubowitiyana
81479,Waralla
81500,Deniyaya
81508,Viharahena
81524,Mediripitiya
81526,Lankagama
81538,Pothdeniya
81541,Beralapanathara
81600,Urubokka
81612,Dampahala
81614,Bengamuwa
81615,Pasgoda
81700,Weligama
81722,Penetiyana
81730,Denipitiya
81740,Mirissa
81750,Kamburugamuwa
82000,Hambantota
82002,Bundala
82005,Bandagiriya Colony
82006,Gonnoruwa
82008,Pahala Andarawewa
82010,Sooriyawewa Town
82014,Migahajandur
82016,Mahagalwewa
82018,Ranmuduwewa
82100,Ambalantota
82102,Beragama
82106,RU/Ridiyagama
82108,Lunama
82109,Mamadala
82110,Barawakumbuka
82120,Hungama
82125,Ranna
82126,Kahandamodara
82135,Netolpitiya
82200,Tangalla
82220,Angunakolapelessa
82232,Vitharandeniya
82240,Weeraketiya
82242,Mulkirigala
82248,Hakuruwela
82252,Julampitiya
82254,Medamulana
82270,Middeniya
82276,Ratmalwala
82278,Uswewa
82300,Nakulugamuwa
82400,Beliatta
82401,Goda Koggalla
82412,Ihala Beligala
82416,Modarawana
82418,Yatigala
82420,Getamanna
82450,Walasmulla
82454,Pallekanda
82456,Horewelagoda
82458,Bowalagama
82462,Ittademaliya
82500,Katuwana
82504,Uda Gomadiya
82506,Gangulandeniya
82554,Rammalawarapitiya
82600,Tissamaharama
82602,GonagamuwaUduwila
82608,Magama
82612,Ranakeliya
82615,Weerawila New
82618,Beralihela
82619,Ellagala
82632,Weerawila
82634,Lunugamwehera
82636,Padawkema
82638,Udamattala
900,Colombo 09
90000,Badulla
90008,Soranatota
90012,Timbirigaspitiya
90013,Egodawela
90014,Taldena
90015,Meegahakiula
90017,Arawa
90019,Baduluoya
90020,Kandaketya
90022,Maliyadda
90026,Rilpola
90028,Spring Valley
90044,Sirimalgoda
90052,Kahataruppa
90060,Hali Ela
90061,Uva Uduwara
90062,Uva Deegalla
90063,Jangulla
90065,Galauda
90066,Beramada
90067,Godunna
90068,Landewela
90070,Kandegedara
90071,Pathanewatta
90072,Tennepanguwa
90080,Demodara
90082,Gawarawela
90090,Ella
90091,Uva Karandagolla
90092,Ballaketuwa
90094,Helapupula
90100,Bandarawela
90104,Dulgolla
90106,Liyangahawela
90108,Ambadandegama
90112,Heeloya
90114,Makulella
90122,Helahalpe
90132,Diganatenna
90138,Pattiyagedara
90140,Ettampitiya
90150,Diyatalawa
90160,Haputale
90164,Ratkarawwa
90166,Akkarasiy
90167,Idalgashinna
90168,Ohiya
90170,Boralanda
90171,Pitapola
90180,Haldummulla
90183,Soragune
90186,Kalupahana
90188,Uva Tenna
90192,Uva Mawelagama
90200,Welimada
90204,Amunumulla
90206,Galedanda
90208,Gurutalawa
90212,Puhulpola
90214,Dikkapitiya
90216,Nugatalawa
90218,Medawela Udukinda
90222,Perawella
90224,Hangunnawa
90226,Uduhawara
90230,Uvaparanagama
90300,Ambagasdowa
90302,Bowela
90310,Lunuwatta
90322,Bambarapana
90324,Dimbulana
90326,Ambagahawatta
90328,Maspanna
90329,Yalagamuwa
90350,Keppetipola
90352,Kalubululanda
90354,Bogahakumbura
90356,Kandepuhulpola
90358,Hewanakumbura
90362,Boragas
90364,Silmiyapura
90500,Passara
90502,Bibilegama
90508,Hingurukaduwa
90512,Gamewela
90518,Medawelagama
90522,Pelagahatenna
90524,Hopton
90530,Lunugala
90532,Arawakumbura
90534,Pallekiruwa
90535,Madulsima
90540,Metigahatenna
90542,Atakiriya
90544,Pitamaruwa
90546,Kalugahakandura
90582,Maussagolla
90700,Mahiyanganaya
90702,Uraniya
90704,Ridimaliyadda
90706,Yalwela
90712,Arawatta
90714,Dambana
90718,Sorabora Colony
90722,Aluttaramma
90724,Hebarawa
90726,Divulapelessa
90730,Mapakadawewa
90734,Uva Tissapura
90736,Aluketiyaw
90750,Girandurukotte
90752,Galporuyaya
90754,Malgoda
90756,Pahalarathkinda
91000,Monaragala
91002,Pangura
91004,Hulandawa
91005,Wedikumbura
91006,Marawa
91007,Obbegoda
91008,Galabedda
91010,Dombagahawela
91020,Ethimalewewa
91030,Siyambalanduwa
91032,Kandaudapanguwa
91038,Buddama
91040,Inginiyagala
91050,Dambagalla
91052,Mariarawa
91054,Uva Gangodagama
91056,Ruwalwela
91058,Baduluwela
91060,Okkampitiya
91070,Badalkumbura
91100,Buttala
91112,Uva Pelawatta
91198,Warunagama
91200,Wellawaya
91202,Siyambalagune
91204,Randeniya
91250,Ettiliwewa
91295,Balaharuwa
91298,Uva Kudaoya
91300,Tanamalwila
91302,Angunakolawewa
91306,Suriara
91308,Hambegamuwa
91400,Kataragama
91405,Sella Kataragama
91500,Bibile
91502,Ekiriyankumbura
91505,Pitakumbura
91514,Diyakobala
91516,Ayiwela
91550,Medagama
91550,Medagana
91552,Kandawinna
91554,Bakinigahawela
